Total_Score,Grade,Expected_Grade
59.8865,C,D
81.917,F,A
67.717,F,C
51.6535,A,D
71.403,A,B
68.09,D,C
71.36850000000001,F,B
65.8605,D,C
82.75550000000001,C,A
79.98599999999999,D,B
70.909,D,B
66.7105,A,C
68.44149999999999,D,C
61.4295,A,C
80.2355,C,A
59.3065,F,D
81.05000000000001,B,A
71.42499999999998,F,B
77.0615,F,B
62.43699999999999,D,C
66.0145,D,C
59.4345,A,D
75.3605,A,B
60.840500000000006,F,C
75.453,F,B
72.686,F,B
64.58699999999999,B,C
54.846000000000004,F,D
74.41499999999999,A,B
82.207,C,A
70.08850000000001,D,B
62.5355,D,C
74.6105,A,B
66.46950000000001,A,C
74.4005,F,B
64.285,F,C
74.3145,F,B
64.03549999999998,B,C
65.70150000000001,B,C
71.70349999999999,F,B
68.2895,A,C
77.74349999999998,F,B
74.7025,D,B
79.403,D,B
76.56099999999999,D,B
77.554,F,B
69.98349999999999,D,C
81.3665,D,A
77.2365,A,B
60.725500000000004,D,C
80.31899999999999,F,A
73.3265,C,B
78.4305,D,B
62.483999999999995,A,C
75.0805,C,B
61.58550000000001,D,C
73.3345,A,B
76.8655,D,B
66.8915,A,C
67.27199999999999,F,C
70.4535,C,B
71.60000000000001,C,B
65.12199999999999,F,C
72.416,C,B
77.58949999999999,C,B
62.645,F,C
63.94,B,C
72.657,C,B
69.629,B,C
74.067,A,B
64.651,A,C
81.4695,C,A
74.4315,A,B
85.901,F,A
69.68599999999999,F,C
71.79750000000001,D,B
75.77,D,B
74.88499999999999,C,B
78.12100000000001,F,B
72.0455,D,B
85.25150000000001,D,A
72.5115,D,B
71.837,C,B
72.645,D,B
76.7645,C,B
57.8065,A,D
59.616,A,D
71.148,D,B
72.08899999999998,D,B
67.0245,D,C
76.321,A,B
65.403,A,C
71.197,F,B
80.8085,D,A
81.338,D,A
66.93350000000001,F,C
76.06,C,B
66.96600000000001,D,C
87.2815,D,A
68.8855,A,C
55.226,B,D
67.93849999999999,B,C
59.467,F,D
75.47749999999999,F,B
78.39399999999999,F,B
58.875,A,D
56.402,B,D
69.43499999999999,A,C
66.83699999999999,B,C
75.31599999999999,D,B
71.5315,F,B
56.153,C,D
72.9865,F,B
66.35650000000001,B,C
64.865,B,C
72.633,D,B
87.8815,D,A
64.38799999999999,F,C
62.992000000000004,D,C
77.9165,C,B
61.622,D,C
73.283,D,B
71.8215,A,B
76.0085,D,B
65.054,D,C
74.9845,F,B
66.30199999999999,B,C
75.681,D,B
76.83000000000001,F,B
68.752,F,C
75.426,F,B
65.02850000000001,A,C
73.1315,F,B
75.7835,C,B
74.35749999999999,A,B
81.064,D,A
64.03200000000001,B,C
59.7955,B,D
61.50750000000001,D,C
69.90799999999999,F,C
81.782,B,A
77.6165,D,B
75.547,A,B
67.9125,D,C
78.149,C,B
76.6455,D,B
64.666,B,C
74.307,F,B
60.2085,D,C
75.854,A,B
71.65050000000001,C,B
59.417,A,D
82.834,D,A
68.679,F,C
58.352999999999994,C,D
69.057,F,C
84.0555,D,A
74.983,F,B
73.5945,F,B
75.5375,C,B
66.86200000000001,D,C
60.660999999999994,F,C
74.9885,A,B
64.408,B,C
74.5985,A,B
59.31649999999999,F,D
66.93849999999999,D,C
66.889,A,C
71.279,D,B
70.02000000000001,A,B
70.35999999999999,D,B
64.644,F,C
74.93100000000001,A,B
75.9055,D,B
65.57499999999999,A,C
75.5145,D,B
83.8565,C,A
68.92349999999999,D,C
74.839,A,B
76.14,F,B
81.971,B,A
87.547,D,A
76.67850000000001,F,B
65.071,D,C
78.9025,A,B
75.657,C,B
71.49199999999999,D,B
78.38799999999999,D,B
78.905,C,B
75.3615,C,B
85.2475,D,A
65.9265,A,C
60.0565,D,C
72.825,F,B
73.0655,D,B
72.111,D,B
68.466,B,C
78.295,F,B
69.861,B,C
70.48,A,B
68.4545,F,C
74.348,F,B
80.9515,F,A
74.65950000000001,D,B
73.4765,D,B
60.9915,B,C
72.9665,D,B
76.786,F,B
70.2125,F,B
66.8715,D,C
59.6275,B,D
60.7265,B,C
64.1985,A,C
69.68849999999999,B,C
71.3055,D,B
76.0355,A,B
80.8425,F,A
75.0735,D,B
66.02600000000001,B,C
70.8485,A,B
69.618,F,C
67.361,B,C
76.9725,A,B
71.5945,D,B
69.8455,F,C
72.29599999999999,A,B
76.69149999999999,C,B
61.159499999999994,A,C
72.799,C,B
77.30449999999999,D,B
57.74550000000001,F,D
60.702,D,C
58.799499999999995,A,D
58.2715,A,D
80.764,F,A
56.329,C,D
77.63399999999999,A,B
87.3955,C,A
70.2295,F,B
73.3495,C,B
66.144,A,C
69.3645,B,C
81.795,D,A
85.8545,F,A
65.46000000000001,A,C
61.8455,D,C
67.858,A,C
56.160000000000004,F,D
70.1075,C,B
62.586,D,C
60.0225,D,C
80.441,B,A
72.606,F,B
69.0695,B,C
74.801,D,B
74.693,A,B
67.61,F,C
60.633500000000005,A,C
69.1215,B,C
61.863,F,C
56.99250000000001,A,D
61.07,B,C
78.857,F,B
72.3,C,B
54.584,F,D
64.34,B,C
71.967,F,B
73.779,F,B
77.8355,F,B
74.6315,A,B
65.2045,F,C
70.109,C,B
55.3025,C,D
67.34899999999999,F,C
73.861,D,B
84.6985,D,A
64.4745,A,C
59.3575,F,D
81.5985,B,A
66.6965,F,C
65.564,F,C
60.0565,D,C
76.04000000000002,F,B
68.3025,D,C
81.98949999999999,B,A
66.4715,F,C
62.592,A,C
74.4355,F,B
61.739000000000004,D,C
74.2705,F,B
82.61,D,A
69.676,A,C
80.07799999999999,D,A
73.5885,A,B
75.1855,D,B
67.70649999999999,F,C
69.09449999999998,D,C
76.9505,A,B
82.399,D,A
81.592,B,A
76.9945,F,B
69.188,F,C
79.3135,D,B
82.7305,B,A
65.15299999999999,F,C
72.427,D,B
71.2475,C,B
80.891,F,A
72.502,F,B
60.9075,D,C
60.766,F,C
66.55000000000001,F,C
65.12650000000001,A,C
79.709,D,B
76.0295,A,B
64.151,A,C
71.968,C,B
75.332,D,B
82.4665,D,A
79.90849999999999,C,B
76.419,A,B
71.546,C,B
71.752,F,B
87.56299999999999,D,A
62.61449999999999,B,C
78.1325,A,B
62.806,F,C
70.478,C,B
80.701,F,A
85.7665,C,A
79.71549999999999,F,B
69.42399999999999,F,C
61.91,B,C
63.135,F,C
77.3645,A,B
70.334,F,B
73.215,C,B
64.338,A,C
64.87899999999999,A,C
71.8645,D,B
73.0155,D,B
69.6965,F,C
71.10050000000001,C,B
73.318,F,B
87.27799999999999,C,A
79.3355,D,B
82.21549999999999,D,A
58.539500000000004,F,D
64.13300000000001,B,C
64.965,D,C
81.302,D,A
75.541,C,B
70.07149999999999,A,B
75.178,D,B
69.5445,F,C
67.7345,F,C
76.3525,C,B
78.704,A,B
68.482,D,C
70.9865,D,B
71.06,A,B
83.5515,B,A
60.384,B,C
61.587999999999994,B,C
71.133,C,B
69.142,D,C
80.589,F,A
78.349,A,B
73.696,F,B
77.4845,C,B
81.192,D,A
76.8965,D,B
64.723,F,C
62.95949999999999,B,C
75.872,A,B
71.854,C,B
73.1275,A,B
71.1035,A,B
68.0765,F,C
76.73299999999999,D,B
62.536,D,C
75.875,F,B
58.943,C,D
75.25399999999999,D,B
76.244,F,B
76.11500000000001,D,B
71.732,D,B
75.8215,D,B
70.23949999999999,C,B
75.844,F,B
63.408,D,C
79.5375,D,B
66.8365,F,C
72.393,A,B
82.505,C,A
73.956,C,B
68.67099999999999,B,C
67.6965,A,C
83.366,D,A
62.219500000000004,D,C
59.9675,C,D
62.466499999999996,A,C
70.592,D,B
74.1075,A,B
76.886,F,B
57.8525,A,D
84.1885,B,A
69.3255,B,C
63.608999999999995,D,C
63.67,F,C
76.763,F,B
73.3055,A,B
79.3985,F,B
69.3835,B,C
63.535000000000004,B,C
64.4875,A,C
76.77499999999999,C,B
82.366,F,A
56.533,F,D
81.9395,C,A
76.615,A,B
64.549,A,C
70.9555,C,B
67.307,B,C
65.70100000000001,B,C
72.7795,D,B
65.755,B,C
70.17750000000001,C,B
80.11600000000001,C,A
72.81,D,B
63.934999999999995,B,C
67.6315,F,C
71.2995,A,B
72.0765,D,B
71.29249999999999,F,B
59.797,C,D
71.937,A,B
72.425,D,B
60.83000000000001,B,C
73.55749999999999,D,B
57.5065,B,D
71.86,D,B
73.26750000000001,D,B
62.7775,B,C
75.167,D,B
70.2855,C,B
78.541,C,B
69.2305,A,C
67.88250000000001,D,C
73.92249999999999,C,B
87.72900000000001,D,A
81.0215,B,A
65.641,F,C
69.598,A,C
71.74499999999999,D,B
69.62899999999999,D,C
74.242,A,B
66.55900000000001,B,C
70.803,A,B
64.24799999999999,F,C
72.703,C,B
70.562,C,B
64.376,F,C
62.72950000000001,A,C
77.8305,D,B
73.6335,A,B
73.4605,A,B
67.5175,D,C
63.239,F,C
65.313,A,C
72.53649999999999,D,B
84.6315,B,A
78.7455,D,B
77.596,D,B
67.48,A,C
64.7645,F,C
76.8845,A,B
88.344,C,A
64.5145,D,C
62.29050000000001,B,C
71.3445,D,B
68.73849999999999,B,C
63.821,B,C
67.065,B,C
77.48,F,B
72.06899999999999,A,B
82.0895,C,A
72.30600000000001,F,B
59.312,F,D
68.1885,B,C
81.0795,F,A
83.83449999999999,C,A
68.201,D,C
81.44500000000001,F,A
71.494,D,B
70.6575,F,B
62.81449999999999,B,C
71.6275,F,B
75.336,D,B
68.0405,D,C
58.6045,B,D
75.81750000000001,D,B
69.6245,B,C
72.2065,A,B
80.5135,B,A
69.431,F,C
71.557,A,B
76.3295,C,B
74.00399999999999,D,B
79.8905,A,B
71.3005,C,B
76.68849999999999,D,B
65.726,B,C
73.812,A,B
71.4675,D,B
72.671,A,B
65.943,D,C
66.383,A,C
78.7645,A,B
72.30449999999999,C,B
62.013999999999996,B,C
59.542500000000004,B,D
73.70750000000001,C,B
71.8295,D,B
73.07249999999999,C,B
83.46050000000001,C,A
77.146,F,B
77.215,D,B
72.559,D,B
67.2545,B,C
80.7765,B,A
82.229,B,A
77.768,A,B
80.2635,D,A
73.354,F,B
62.07950000000001,B,C
65.9065,B,C
67.3515,B,C
67.4515,A,C
64.2065,F,C
82.63799999999999,D,A
68.452,F,C
63.613,D,C
85.24,B,A
80.4835,C,A
76.0535,C,B
73.824,C,B
83.9505,C,A
59.335499999999996,B,D
71.925,C,B
66.59049999999999,F,C
60.1235,B,C
78.657,C,B
78.5925,C,B
79.1015,F,B
61.46849999999999,A,C
71.283,A,B
76.97749999999999,F,B
73.237,A,B
74.537,D,B
75.6505,D,B
79.4285,D,B
71.851,D,B
66.132,D,C
62.5715,A,C
57.2405,F,D
65.4445,D,C
58.226,A,D
68.526,B,C
63.345,B,C
59.3395,C,D
74.589,F,B
76.2175,D,B
63.33000000000001,B,C
80.10249999999999,C,A
66.12950000000001,D,C
61.094,D,C
63.05200000000001,D,C
61.926500000000004,F,C
65.00099999999999,D,C
77.86000000000001,D,B
70.02799999999999,F,B
64.481,B,C
72.2395,A,B
65.2915,F,C
65.2725,B,C
75.232,A,B
68.718,B,C
67.7515,A,C
63.382,F,C
64.756,B,C
69.292,F,C
72.018,F,B
70.213,C,B
69.38550000000001,B,C
66.2225,B,C
82.029,F,A
81.97749999999999,C,A
69.297,B,C
69.46000000000001,B,C
86.49,B,A
69.8215,F,C
59.119,B,D
77.0155,D,B
73.829,A,B
66.7625,F,C
67.05749999999999,B,C
68.0055,D,C
81.109,C,A
68.11349999999999,F,C
66.233,F,C
62.554,B,C
79.447,C,B
62.580000000000005,B,C
68.786,D,C
77.136,A,B
84.50250000000001,C,A
75.541,A,B
70.604,D,B
81.8725,F,A
62.598,D,C
60.84049999999999,A,C
58.417500000000004,C,D
59.961,B,D
79.85749999999999,A,B
73.41,F,B
69.19749999999999,F,C
71.831,F,B
82.3875,D,A
85.541,B,A
67.6035,D,C
85.779,F,A
70.7795,A,B
73.56500000000001,F,B
70.591,D,B
74.611,D,B
64.1965,D,C
72.808,F,B
68.07600000000001,A,C
76.67949999999999,A,B
81.678,B,A
76.7075,F,B
81.22149999999999,B,A
86.035,D,A
76.768,A,B
71.89999999999999,D,B
80.5085,B,A
62.62599999999999,A,C
81.5715,D,A
81.366,C,A
64.6665,F,C
68.471,D,C
74.10050000000001,A,B
59.49849999999999,A,D
72.3195,C,B
72.92599999999999,A,B
78.11699999999999,D,B
62.711,B,C
68.37,B,C
68.6715,A,C
69.752,F,C
72.1135,D,B
69.0695,F,C
71.24549999999999,C,B
67.02,F,C
70.54150000000001,D,B
68.366,F,C
60.8095,B,C
80.578,F,A
75.676,F,B
77.236,F,B
70.565,F,B
68.155,D,C
75.2025,A,B
64.0045,D,C
79.532,C,B
69.265,B,C
78.4095,A,B
70.315,A,B
76.99849999999999,A,B
81.689,C,A
66.6375,F,C
74.947,A,B
69.726,D,C
75.875,F,B
79.444,F,B
73.2055,F,B
72.2495,F,B
73.01650000000001,D,B
63.44799999999999,A,C
83.68249999999999,C,A
66.31899999999999,B,C
67.149,F,C
77.27,A,B
73.6235,A,B
75.3445,A,B
68.86,F,C
79.9665,D,B
64.9245,A,C
75.17499999999998,F,B
78.0195,A,B
74.65299999999999,F,B
70.3275,A,B
71.346,D,B
70.4685,C,B
75.817,F,B
66.953,D,C
66.202,B,C
69.4405,D,C
82.3575,C,A
74.474,A,B
68.5855,A,C
76.3835,D,B
84.715,D,A
85.154,F,A
73.6365,D,B
69.21149999999999,A,C
63.676500000000004,D,C
67.7135,B,C
64.1405,A,C
70.905,D,B
60.381499999999996,D,C
75.498,D,B
69.0275,A,C
78.57950000000001,F,B
63.917500000000004,B,C
72.67349999999999,A,B
51.81499999999999,F,D
69.7425,F,C
73.47200000000001,F,B
63.409,A,C
76.51599999999999,C,B
80.17099999999999,C,A
86.029,D,A
65.399,F,C
64.4795,F,C
82.917,C,A
77.753,A,B
63.412,A,C
68.53899999999999,F,C
68.3935,D,C
80.81649999999999,C,A
72.3745,C,B
77.99249999999999,A,B
60.68300000000001,B,C
71.291,D,B
74.41199999999999,D,B
66.2965,A,C
70.651,C,B
71.08500000000001,C,B
64.557,D,C
65.39,F,C
72.1055,D,B
73.8115,D,B
81.2515,C,A
66.6305,A,C
70.329,C,B
73.24149999999999,A,B
78.43900000000001,A,B
86.31299999999999,B,A
68.481,D,C
68.9235,F,C
67.094,D,C
77.5325,D,B
75.348,F,B
87.565,D,A
63.211499999999994,A,C
68.15350000000001,D,C
85.7245,D,A
65.9875,B,C
66.687,D,C
64.0155,F,C
64.07150000000001,D,C
73.9405,A,B
81.69449999999999,B,A
73.1435,F,B
62.08,B,C
74.0505,A,B
73.2185,C,B
73.426,F,B
79.042,A,B
80.113,C,A
83.839,C,A
78.865,D,B
83.69200000000001,D,A
82.861,C,A
73.75200000000001,D,B
79.27999999999999,A,B
70.484,A,B
67.7175,F,C
70.168,C,B
72.0265,D,B
67.30799999999999,D,C
64.0455,D,C
77.8785,D,B
81.0665,F,A
61.421499999999995,F,C
69.108,D,C
60.93599999999999,A,C
73.421,A,B
60.177499999999995,B,C
86.5315,D,A
65.904,A,C
64.66900000000001,A,C
74.9355,A,B
60.128499999999995,D,C
68.1275,D,C
70.522,F,B
73.84599999999999,C,B
64.39599999999999,A,C
65.77949999999998,B,C
77.547,F,B
80.52,C,A
64.179,D,C
69.73349999999999,D,C
83.428,B,A
66.28049999999999,A,C
67.869,F,C
80.363,C,A
80.542,B,A
61.6695,F,C
65.717,B,C
77.061,F,B
74.61599999999999,D,B
72.074,D,B
59.2765,F,D
74.875,F,B
68.56249999999999,D,C
77.322,A,B
74.0235,F,B
63.05850000000001,B,C
70.76299999999999,F,B
60.2605,D,C
80.65599999999999,D,A
73.2205,D,B
59.671499999999995,A,D
63.923500000000004,A,C
66.2295,F,C
66.7915,B,C
77.235,F,B
67.6985,B,C
74.57050000000001,F,B
72.352,F,B
74.033,C,B
72.3325,A,B
62.2655,D,C
66.84299999999999,A,C
69.82,D,C
73.6845,F,B
76.313,D,B
59.620000000000005,B,D
66.049,B,C
65.406,B,C
73.563,C,B
71.17699999999999,D,B
75.4245,A,B
78.92500000000001,A,B
82.68299999999999,F,A
74.49000000000001,F,B
84.0265,B,A
74.74799999999999,D,B
76.351,F,B
54.5485,B,D
79.561,A,B
78.77749999999999,F,B
74.0595,A,B
73.832,F,B
79.5235,A,B
80.6205,F,A
66.52250000000001,A,C
67.507,B,C
64.33,D,C
74.84700000000001,A,B
60.732,A,C
76.626,F,B
69.861,A,C
61.407500000000006,D,C
80.24449999999999,F,A
74.01400000000001,F,B
70.529,C,B
67.7685,D,C
67.24549999999999,A,C
77.9885,C,B
78.45599999999999,C,B
72.136,F,B
52.93,C,D
72.0325,A,B
67.5135,A,C
90.862,F,A
77.8985,A,B
65.114,D,C
74.864,F,B
66.68199999999999,D,C
62.894499999999994,A,C
75.25050000000002,A,B
70.8195,F,B
61.98649999999999,B,C
58.0985,B,D
74.152,D,B
73.66399999999999,F,B
70.5155,C,B
58.128,A,D
75.411,D,B
66.8605,A,C
73.992,A,B
78.2115,D,B
67.206,B,C
64.136,B,C
74.125,F,B
78.384,D,B
76.596,D,B
65.50399999999999,F,C
77.012,D,B
63.542500000000004,D,C
73.6485,A,B
81.145,C,A
60.534000000000006,A,C
67.5795,F,C
73.37100000000001,F,B
59.340999999999994,C,D
72.1695,A,B
78.1245,A,B
64.68849999999999,A,C
66.5355,B,C
50.602000000000004,B,D
73.652,A,B
72.1745,F,B
74.709,A,B
66.13749999999999,B,C
70.229,C,B
71.0945,F,B
77.158,D,B
78.73949999999999,C,B
68.5595,D,C
74.864,F,B
80.11349999999999,D,A
60.137,F,C
70.987,F,B
69.408,F,C
77.5855,C,B
78.18050000000001,F,B
74.817,D,B
74.952,C,B
74.274,F,B
59.902499999999996,B,D
60.272000000000006,B,C
71.818,F,B
69.24849999999999,B,C
75.995,A,B
70.3625,A,B
59.903999999999996,C,D
77.975,D,B
55.33200000000001,B,D
61.682,B,C
75.236,F,B
72.681,F,B
84.7165,D,A
70.928,F,B
63.94199999999999,A,C
76.0975,A,B
66.9825,F,C
75.0025,A,B
78.33749999999999,C,B
77.2615,F,B
68.917,A,C
72.12,C,B
79.717,A,B
64.851,A,C
74.828,F,B
83.24449999999999,B,A
79.674,C,B
66.9585,A,C
73.31,D,B
73.0955,D,B
83.7485,C,A
71.7455,A,B
54.557,F,D
73.80449999999999,D,B
76.0325,A,B
79.604,C,B
67.5485,D,C
78.45700000000001,F,B
63.653499999999994,A,C
74.94250000000001,D,B
72.3165,A,B
68.804,F,C
79.3885,D,B
74.1715,F,B
84.2175,B,A
55.575,B,D
61.697,F,C
79.3275,F,B
67.91300000000001,A,C
66.435,D,C
68.6655,B,C
67.74799999999999,D,C
74.745,D,B
74.734,F,B
72.694,F,B
66.07300000000001,B,C
75.027,F,B
61.855999999999995,B,C
56.76299999999999,F,D
75.30199999999999,F,B
68.115,D,C
77.31349999999999,F,B
58.527,F,D
70.6,D,B
84.0445,C,A
78.831,C,B
74.088,C,B
70.8965,F,B
82.84099999999998,B,A
68.347,A,C
80.9045,B,A
78.0645,D,B
57.58399999999999,C,D
73.875,A,B
72.29,D,B
71.369,C,B
69.5275,A,C
81.015,D,A
65.73349999999999,F,C
62.43900000000001,A,C
69.553,B,C
69.9985,D,C
75.133,F,B
70.0655,C,B
67.03649999999999,A,C
61.923,A,C
83.1585,D,A
73.41400000000002,C,B
84.9385,C,A
79.6475,A,B
68.083,A,C
71.75,D,B
66.289,D,C
68.58949999999999,A,C
75.4605,A,B
71.3695,D,B
83.231,F,A
71.603,C,B
78.135,C,B
72.8885,A,B
73.116,D,B
67.849,B,C
72.19699999999999,F,B
71.0435,D,B
82.1895,C,A
74.614,F,B
71.2185,A,B
63.64500000000001,D,C
63.0205,B,C
73.3965,D,B
61.565,A,C
69.9075,F,C
86.547,B,A
64.9505,B,C
79.8405,A,B
66.597,D,C
70.331,C,B
66.8595,A,C
73.9315,A,B
55.67949999999999,A,D
71.341,D,B
73.7165,D,B
69.62,D,C
62.72349999999999,A,C
73.499,F,B
72.0935,C,B
72.14,C,B
68.402,B,C
65.9575,B,C
71.15650000000001,C,B
78.70949999999999,C,B
61.214,D,C
80.21350000000001,C,A
64.828,D,C
68.6845,F,C
79.40549999999999,D,B
86.4325,B,A
73.6065,A,B
69.57900000000001,B,C
84.28,F,A
69.8665,A,C
76.5635,F,B
70.07249999999999,A,B
82.5555,F,A
77.572,D,B
73.5725,C,B
64.493,D,C
75.5195,F,B
69.52600000000001,F,C
68.0655,A,C
67.5685,D,C
75.886,F,B
78.40950000000001,C,B
72.25099999999999,C,B
78.083,A,B
62.403999999999996,D,C
65.2815,A,C
78.845,A,B
72.88,D,B
68.07400000000001,F,C
80.239,C,A
62.9655,D,C
79.9465,C,B
69.0835,D,C
80.199,D,A
65.9105,D,C
72.749,C,B
67.49849999999999,A,C
68.601,B,C
69.0485,A,C
72.486,C,B
79.65,D,B
79.8685,F,B
76.219,D,B
61.84599999999999,D,C
75.3985,F,B
66.3685,A,C
68.63,D,C
81.3795,B,A
71.864,A,B
56.724500000000006,B,D
76.443,D,B
70.7885,F,B
65.08699999999999,B,C
82.3175,B,A
84.12950000000001,C,A
57.881,A,D
60.29750000000001,A,C
80.00200000000001,B,A
78.589,A,B
69.4285,A,C
72.02,C,B
65.61449999999999,B,C
64.4325,A,C
82.9025,F,A
71.056,A,B
81.7705,C,A
79.67000000000002,F,B
63.900999999999996,D,C
69.933,D,C
71.03099999999999,F,B
62.724999999999994,D,C
88.619,F,A
72.10399999999998,A,B
60.247,D,C
78.93,D,B
85.658,F,A
69.675,A,C
85.5195,B,A
66.8435,B,C
71.112,A,B
72.905,F,B
53.655,C,D
70.54750000000001,C,B
81.124,D,A
76.08099999999999,C,B
79.884,D,B
70.372,D,B
74.3615,A,B
76.267,C,B
80.85749999999999,C,A
73.3485,D,B
73.8245,D,B
74.7955,A,B
68.481,F,C
79.0605,C,B
65.4635,A,C
77.3015,A,B
75.0215,F,B
75.353,D,B
75.29849999999999,D,B
80.108,C,A
75.01050000000001,A,B
62.2255,A,C
63.339,A,C
86.0,F,A
83.2735,C,A
69.3965,A,C
76.4625,F,B
82.4665,D,A
59.5425,F,D
80.31700000000001,F,A
60.26599999999999,B,C
81.50399999999999,D,A
74.62299999999999,C,B
78.464,F,B
63.483999999999995,F,C
61.553,F,C
65.301,F,C
69.617,B,C
69.5805,F,C
73.144,C,B
71.1305,D,B
72.854,A,B
90.2355,D,A
76.25300000000001,D,B
80.9765,F,A
77.793,F,B
67.81099999999999,D,C
83.809,B,A
66.3685,B,C
84.643,D,A
65.83699999999999,B,C
73.5795,D,B
70.0545,F,B
65.861,B,C
75.2635,D,B
61.65,D,C
75.91049999999998,F,B
78.4435,D,B
71.3125,A,B
75.455,D,B
86.517,B,A
72.577,C,B
66.8445,B,C
67.41149999999999,D,C
64.658,A,C
65.36800000000001,B,C
85.136,B,A
76.525,F,B
74.4115,A,B
67.35,D,C
80.1235,B,A
69.6725,B,C
80.4255,B,A
55.68599999999999,C,D
68.76599999999999,F,C
75.73500000000001,F,B
68.986,A,C
72.19800000000001,A,B
72.1185,C,B
75.2845,F,B
62.482499999999995,A,C
83.0315,D,A
73.3085,F,B
73.9255,F,B
70.887,D,B
68.75999999999999,F,C
85.1785,C,A
69.06,D,C
73.19149999999999,C,B
73.856,F,B
62.794,B,C
66.7465,F,C
73.961,F,B
71.88949999999998,F,B
70.444,D,B
65.3425,B,C
71.95599999999999,D,B
63.047,A,C
70.906,C,B
69.2295,A,C
67.18849999999999,B,C
74.1035,C,B
75.4185,D,B
72.691,D,B
78.0265,D,B
70.592,F,B
73.618,C,B
72.3755,C,B
69.327,B,C
81.0975,C,A
60.74249999999999,B,C
72.47749999999999,D,B
68.4525,F,C
75.75999999999999,A,B
84.14699999999999,F,A
71.37599999999999,F,B
73.554,F,B
74.2925,A,B
60.618,B,C
62.82849999999999,D,C
75.5095,D,B
67.5005,B,C
72.67349999999999,D,B
69.17450000000001,B,C
67.6635,A,C
67.2105,D,C
65.7625,D,C
67.896,F,C
74.7145,F,B
74.892,D,B
76.632,F,B
77.7885,C,B
63.349999999999994,F,C
78.2515,D,B
52.342999999999996,C,D
79.17999999999999,F,B
71.33449999999999,A,B
87.1185,D,A
74.61850000000001,A,B
74.4435,F,B
65.84400000000001,D,C
73.992,D,B
74.96799999999999,A,B
70.9725,A,B
75.93599999999999,C,B
70.021,F,B
61.77799999999999,A,C
79.9705,A,B
66.725,B,C
69.047,A,C
69.21,B,C
75.0065,C,B
71.587,D,B
87.2165,F,A
86.19300000000001,C,A
65.174,A,C
59.533500000000004,B,D
75.56299999999999,D,B
54.81999999999999,B,D
65.19800000000001,D,C
81.524,F,A
79.45599999999999,F,B
67.0285,A,C
82.467,D,A
72.18950000000001,D,B
72.452,A,B
76.536,D,B
65.5,B,C
64.4765,A,C
60.8305,B,C
78.87549999999999,C,B
74.80749999999999,A,B
87.949,B,A
77.0085,C,B
60.357499999999995,B,C
66.694,D,C
75.49549999999999,F,B
64.2045,D,C
78.348,D,B
76.4905,C,B
72.7525,C,B
70.316,A,B
68.617,B,C
81.5925,B,A
68.044,D,C
77.9045,C,B
71.3505,C,B
82.6005,D,A
90.711,F,A
69.761,A,C
75.4065,F,B
71.137,D,B
74.8245,D,B
69.3475,D,C
66.8235,A,C
65.6035,D,C
80.607,B,A
75.29650000000001,A,B
70.823,F,B
78.235,F,B
76.3995,A,B
76.1275,A,B
86.114,D,A
70.7375,F,B
60.282,F,C
54.33699999999999,F,D
61.2895,D,C
66.01650000000001,D,C
70.4155,A,B
66.6515,A,C
80.55300000000001,F,A
53.632,C,D
77.583,C,B
68.99350000000001,B,C
64.4305,D,C
77.9395,A,B
74.5105,A,B
77.39599999999999,C,B
72.4125,D,B
82.692,D,A
62.552,D,C
66.18700000000001,B,C
77.1345,A,B
70.5715,C,B
88.591,B,A
63.643,B,C
82.3095,F,A
67.663,F,C
76.96650000000001,C,B
64.7965,F,C
77.3255,A,B
73.8685,C,B
55.483,F,D
62.5625,D,C
82.607,D,A
79.953,C,B
56.804,F,D
69.08699999999999,F,C
82.78500000000001,C,A
75.22200000000001,F,B
75.19300000000001,C,B
65.6605,A,C
65.936,D,C
71.2925,D,B
82.88149999999999,D,A
67.7585,A,C
68.7745,B,C
70.318,C,B
56.77799999999999,F,D
65.594,B,C
83.824,F,A
68.39849999999998,F,C
74.73150000000001,F,B
69.285,F,C
63.786500000000004,A,C
75.842,A,B
76.4655,F,B
74.6125,A,B
79.138,F,B
58.871,F,D
76.7165,A,B
75.241,D,B
84.3055,B,A
71.07799999999999,A,B
77.3075,A,B
73.33,D,B
70.80449999999999,C,B
54.3325,F,D
59.4105,A,D
72.892,D,B
69.68450000000001,F,C
72.177,F,B
81.2535,C,A
68.9965,A,C
64.264,B,C
70.003,D,B
82.78349999999999,F,A
65.898,F,C
70.461,C,B
66.78750000000001,B,C
61.488,B,C
69.1225,A,C
72.9175,C,B
63.038,F,C
76.59049999999999,A,B
67.664,A,C
62.6935,B,C
62.971999999999994,A,C
77.3585,C,B
60.33749999999999,B,C
62.951,B,C
62.3485,B,C
70.8125,D,B
62.227000000000004,D,C
82.3175,F,A
64.4685,F,C
80.523,B,A
77.1305,C,B
62.811,B,C
59.8695,B,D
71.02399999999999,D,B
76.5675,C,B
74.862,A,B
60.0885,D,C
66.839,A,C
67.23400000000001,D,C
78.4345,F,B
61.1135,D,C
85.8905,C,A
74.699,F,B
73.42150000000001,C,B
55.99849999999999,A,D
69.7295,A,C
66.262,A,C
71.4225,D,B
59.505500000000005,B,D
83.123,F,A
76.192,A,B
63.89099999999999,F,C
72.6035,C,B
61.665000000000006,F,C
75.976,A,B
58.751000000000005,A,D
80.195,F,A
68.08250000000001,F,C
81.8005,F,A
66.5365,F,C
70.531,D,B
83.0475,B,A
74.94149999999999,D,B
74.679,F,B
79.737,D,B
75.964,F,B
75.0465,D,B
69.9125,D,C
72.8065,C,B
73.41650000000001,F,B
69.83,D,C
66.188,F,C
71.99549999999999,F,B
72.36149999999999,D,B
70.741,F,B
78.601,C,B
66.84899999999999,D,C
70.0765,D,B
69.9705,F,C
73.407,C,B
77.5285,A,B
60.426,A,C
65.63550000000001,B,C
77.8925,C,B
66.4825,D,C
76.3245,C,B
74.533,D,B
60.013999999999996,D,C
64.21000000000001,F,C
70.85499999999999,C,B
75.214,C,B
79.2715,A,B
62.978500000000004,F,C
64.439,F,C
79.13250000000001,F,B
79.898,D,B
82.4845,B,A
78.69399999999999,A,B
73.7045,D,B
70.315,F,B
72.9805,D,B
69.4865,D,C
60.4825,F,C
76.658,F,B
66.047,B,C
56.0215,C,D
65.4745,A,C
67.9645,D,C
80.679,F,A
65.3015,B,C
78.46549999999999,C,B
59.93300000000001,B,D
65.2205,F,C
74.29950000000001,A,B
70.418,F,B
65.894,D,C
78.79700000000001,C,B
84.6095,B,A
76.5705,F,B
74.822,A,B
63.97999999999999,D,C
60.596999999999994,D,C
71.9855,A,B
65.39850000000001,A,C
71.785,A,B
69.1765,D,C
86.196,B,A
73.05250000000001,D,B
72.669,C,B
72.0605,F,B
71.619,D,B
60.0565,F,C
70.5385,A,B
83.241,F,A
74.13900000000001,A,B
71.00999999999999,C,B
68.142,D,C
70.765,D,B
66.36200000000001,A,C
73.266,F,B
60.735,F,C
71.042,C,B
64.1405,D,C
69.5855,A,C
75.3045,D,B
62.589999999999996,D,C
70.7095,D,B
72.661,C,B
74.1385,C,B
84.9205,F,A
68.4365,D,C
58.257000000000005,C,D
80.72,C,A
69.95500000000001,F,C
68.945,F,C
86.4675,C,A
76.998,D,B
60.3655,D,C
80.3435,D,A
67.655,F,C
75.3015,D,B
79.006,D,B
73.079,D,B
64.504,F,C
78.443,A,B
69.125,A,C
72.8775,D,B
63.98199999999999,A,C
65.0865,D,C
60.91,F,C
85.7445,B,A
72.751,F,B
80.458,B,A
59.3065,C,D
71.3505,C,B
76.3485,D,B
73.741,F,B
61.206999999999994,F,C
68.92599999999999,F,C
58.673,C,D
72.16749999999999,F,B
67.054,D,C
63.8275,B,C
77.7325,F,B
68.7005,B,C
56.6505,B,D
75.953,C,B
71.216,F,B
79.5325,D,B
71.871,F,B
67.5415,F,C
84.4755,F,A
66.40100000000001,D,C
81.24199999999999,D,A
65.803,F,C
75.774,C,B
68.9755,B,C
68.381,A,C
81.54749999999999,B,A
72.547,C,B
84.6265,D,A
72.572,D,B
72.67699999999999,F,B
65.5495,F,C
72.79350000000001,F,B
71.39250000000001,D,B
77.519,D,B
80.488,B,A
70.757,D,B
63.4345,A,C
64.6425,A,C
58.2495,A,D
86.0525,C,A
75.411,A,B
72.1875,A,B
71.5895,A,B
78.8285,A,B
67.29249999999999,B,C
71.0525,C,B
75.9365,A,B
59.573499999999996,F,D
69.2985,A,C
61.339000000000006,A,C
72.633,C,B
69.61250000000001,D,C
71.15650000000001,C,B
67.02449999999999,B,C
79.6265,C,B
70.076,D,B
71.77250000000001,A,B
74.732,D,B
76.719,C,B
77.3855,F,B
74.783,D,B
76.2975,C,B
79.98150000000001,A,B
56.421499999999995,A,D
70.55,F,B
83.256,B,A
68.496,D,C
85.852,C,A
56.971000000000004,C,D
74.3215,D,B
79.97300000000001,A,B
74.9365,F,B
62.09949999999999,D,C
82.605,C,A
71.2825,F,B
80.49149999999999,C,A
74.5925,F,B
73.8225,F,B
75.8855,F,B
70.507,C,B
60.19350000000001,A,C
76.89,C,B
70.66149999999999,A,B
65.8595,A,C
79.2625,C,B
61.564,B,C
75.89099999999999,F,B
93.31599999999999,D,A
68.785,D,C
73.267,D,B
66.2625,F,C
70.73500000000001,F,B
70.167,A,B
81.708,F,A
72.3475,A,B
70.1165,D,B
73.4545,C,B
87.5785,C,A
59.775499999999994,F,D
73.7315,D,B
74.5,D,B
72.566,A,B
67.6905,A,C
83.9125,D,A
67.402,F,C
66.9215,F,C
71.476,D,B
71.51950000000001,C,B
79.6545,C,B
77.95400000000001,D,B
70.003,C,B
65.716,F,C
84.24050000000001,B,A
84.722,B,A
62.443,D,C
56.684499999999986,A,D
66.5835,F,C
57.116,F,D
67.4315,F,C
67.0555,B,C
71.201,C,B
69.94749999999999,F,C
70.7265,A,B
74.60300000000001,D,B
71.02449999999999,D,B
79.598,D,B
71.9045,C,B
67.5805,D,C
63.129999999999995,D,C
76.9795,C,B
66.715,B,C
65.771,A,C
74.357,D,B
79.63799999999999,A,B
59.03150000000001,B,D
66.275,B,C
70.559,F,B
65.15549999999999,B,C
69.929,A,C
84.32050000000001,B,A
73.3745,A,B
68.1115,B,C
68.1105,F,C
69.5095,D,C
71.225,F,B
66.298,F,C
69.321,D,C
70.34649999999999,F,B
66.594,B,C
71.12700000000001,D,B
65.70249999999999,B,C
82.07350000000001,F,A
73.552,C,B
77.28049999999999,D,B
77.3185,A,B
73.8905,F,B
76.3155,C,B
72.32549999999999,F,B
65.479,B,C
66.83,B,C
71.2925,C,B
74.385,F,B
74.6035,F,B
78.975,F,B
65.032,D,C
73.97999999999999,F,B
83.1995,B,A
70.125,D,B
72.7345,D,B
74.717,D,B
58.465999999999994,F,D
77.9485,C,B
75.7175,A,B
69.758,D,C
72.166,F,B
65.3815,F,C
65.44800000000001,B,C
72.6875,F,B
74.291,A,B
68.893,A,C
59.68600000000001,C,D
69.354,B,C
73.29650000000001,A,B
91.71699999999998,B,A
71.2495,C,B
84.634,F,A
75.373,A,B
61.509,B,C
63.18299999999999,F,C
64.202,F,C
65.2745,D,C
67.191,A,C
61.003,B,C
80.029,D,A
73.3955,A,B
73.4145,F,B
71.7715,C,B
82.399,C,A
69.685,F,C
68.0895,F,C
77.70249999999999,F,B
70.07300000000001,D,B
72.959,C,B
70.463,F,B
70.53049999999999,C,B
80.61399999999999,D,A
80.654,D,A
58.5825,C,D
74.1685,F,B
70.7975,A,B
83.7275,B,A
82.799,D,A
66.901,F,C
71.449,C,B
69.0005,A,C
64.19399999999999,A,C
78.7695,D,B
87.02449999999999,D,A
72.8655,D,B
75.57449999999999,A,B
68.5955,D,C
79.935,D,B
79.60149999999999,F,B
78.4865,D,B
63.898500000000006,D,C
69.2735,D,C
75.2815,F,B
69.2995,A,C
77.5415,A,B
79.376,A,B
69.5135,F,C
67.18700000000001,F,C
59.597,B,D
71.1465,F,B
69.9885,D,C
58.410000000000004,F,D
53.295500000000004,C,D
77.5525,F,B
58.318,A,D
64.2795,B,C
74.42699999999999,D,B
61.74999999999999,D,C
77.3265,F,B
72.18599999999999,A,B
61.37499999999999,B,C
72.75500000000001,C,B
66.941,D,C
57.774,C,D
64.4415,A,C
66.2915,B,C
76.808,A,B
64.2875,D,C
75.5115,C,B
69.3885,B,C
73.224,A,B
74.581,C,B
66.182,B,C
59.03150000000001,B,D
65.3175,B,C
77.1225,D,B
60.2675,F,C
72.471,D,B
73.542,A,B
76.7695,D,B
74.1615,D,B
64.00649999999999,A,C
76.75450000000001,A,B
63.47099999999999,B,C
72.979,D,B
76.17999999999999,C,B
66.134,D,C
77.326,A,B
83.2625,D,A
69.4005,F,C
81.4675,C,A
70.9065,C,B
76.3815,F,B
71.71549999999999,F,B
66.349,F,C
72.467,C,B
73.6305,A,B
64.8055,A,C
67.7705,B,C
54.551500000000004,A,D
63.809,B,C
81.048,D,A
61.2745,F,C
69.97099999999999,F,C
68.745,B,C
82.4945,F,A
53.9735,F,D
79.9375,F,B
59.04899999999999,C,D
58.338499999999996,C,D
68.80699999999999,D,C
79.0725,D,B
76.988,A,B
68.142,B,C
68.96600000000001,F,C
77.87599999999999,A,B
78.2535,F,B
77.7495,A,B
71.8005,C,B
78.46499999999999,D,B
61.7405,A,C
74.04,A,B
79.65700000000001,C,B
70.11999999999999,C,B
62.241,B,C
63.799499999999995,D,C
70.5145,D,B
67.4665,F,C
74.12,F,B
79.02550000000001,C,B
67.646,F,C
82.5925,D,A
68.7495,F,C
79.335,A,B
59.836999999999996,F,D
85.6355,D,A
69.4275,F,C
57.559,F,D
70.6545,D,B
72.205,F,B
78.984,C,B
70.1225,C,B
72.29499999999999,D,B
80.1745,C,A
77.41499999999999,D,B
62.776999999999994,F,C
67.252,F,C
74.499,A,B
86.0555,D,A
68.423,B,C
62.6545,D,C
61.205499999999994,F,C
61.0305,F,C
76.254,C,B
78.735,A,B
65.309,B,C
63.052499999999995,A,C
71.8335,D,B
76.67600000000002,D,B
77.05,F,B
84.51050000000001,B,A
75.798,C,B
70.02850000000001,A,B
71.607,F,B
58.26299999999999,C,D
71.3135,D,B
66.6245,F,C
71.84899999999999,F,B
67.84150000000001,D,C
65.44,D,C
66.22800000000001,F,C
72.5705,C,B
65.13499999999999,F,C
72.7625,D,B
66.232,B,C
67.826,A,C
76.5675,A,B
61.823,F,C
68.744,D,C
64.27850000000001,F,C
74.04650000000001,C,B
66.06899999999999,F,C
72.105,D,B
75.62899999999999,A,B
72.47200000000001,C,B
74.118,F,B
61.5205,D,C
78.566,D,B
70.5445,F,B
69.4325,B,C
80.4355,C,A
74.839,A,B
70.0255,D,B
66.952,D,C
73.34100000000001,A,B
64.1785,D,C
76.9435,C,B
83.78750000000001,C,A
80.8885,F,A
69.30799999999999,D,C
62.895,B,C
66.469,D,C
89.79100000000001,C,A
81.7165,C,A
81.2945,C,A
54.455000000000005,B,D
61.74300000000001,F,C
84.26749999999998,D,A
69.5325,A,C
65.186,B,C
68.054,B,C
61.385000000000005,B,C
66.11399999999999,D,C
76.078,A,B
68.3135,B,C
66.36500000000001,A,C
64.87700000000001,A,C
76.86449999999999,A,B
73.11949999999999,F,B
62.016999999999996,A,C
83.9695,F,A
76.7855,A,B
78.029,C,B
84.44149999999999,B,A
86.255,C,A
78.3745,A,B
53.35249999999999,B,D
77.536,A,B
67.767,A,C
72.186,F,B
78.6295,C,B
65.4645,F,C
76.8875,C,B
72.5215,A,B
65.3735,D,C
62.837,B,C
78.4245,F,B
82.28,D,A
63.898,B,C
64.57600000000001,D,C
74.75649999999999,A,B
61.608999999999995,D,C
71.5295,F,B
77.968,F,B
70.17699999999999,C,B
77.47250000000001,A,B
77.20100000000001,A,B
72.32300000000001,D,B
70.6725,F,B
73.93700000000001,F,B
62.1015,F,C
77.961,A,B
63.0435,F,C
70.7345,F,B
71.354,A,B
79.26650000000001,F,B
80.397,C,A
81.4555,C,A
79.101,C,B
64.3775,F,C
69.23949999999999,A,C
77.918,C,B
70.7375,A,B
79.05,C,B
76.3925,C,B
69.571,F,C
63.16349999999999,A,C
69.264,D,C
73.9805,F,B
68.67549999999999,A,C
74.3765,A,B
72.924,A,B
75.148,D,B
73.41499999999999,F,B
68.158,D,C
62.23249999999999,D,C
84.053,D,A
61.872,A,C
80.629,B,A
58.9075,B,D
74.4555,D,B
65.619,D,C
79.4785,C,B
74.64500000000001,D,B
68.325,F,C
82.2225,D,A
78.35950000000001,D,B
63.663999999999994,B,C
64.285,A,C
72.58,A,B
57.70399999999999,F,D
62.828,F,C
76.589,D,B
84.833,D,A
68.86699999999999,F,C
71.44149999999999,C,B
67.705,D,C
72.67099999999999,F,B
67.1425,D,C
61.108999999999995,A,C
71.5405,F,B
66.61699999999999,F,C
71.923,C,B
76.95000000000002,D,B
69.86949999999999,B,C
66.1795,A,C
59.79299999999999,F,D
69.1705,B,C
64.26050000000001,D,C
84.59100000000001,C,A
86.001,D,A
73.064,A,B
68.2555,F,C
71.7145,F,B
74.74249999999999,A,B
82.0975,F,A
82.8135,B,A
69.85150000000002,B,C
60.457499999999996,A,C
66.0185,A,C
69.4355,D,C
76.237,F,B
74.8725,C,B
72.57549999999999,A,B
74.523,D,B
74.72149999999999,A,B
66.1795,A,C
82.298,F,A
76.957,A,B
65.5455,F,C
69.13999999999999,D,C
65.9985,A,C
78.2615,C,B
60.2135,B,C
62.565,B,C
74.858,F,B
85.9425,B,A
66.251,D,C
71.77450000000002,D,B
66.7895,B,C
68.29650000000001,D,C
72.34449999999998,F,B
72.87349999999999,F,B
60.563500000000005,D,C
87.32799999999999,D,A
59.6485,B,D
75.692,F,B
73.86449999999999,D,B
81.3265,B,A
82.407,D,A
67.04400000000001,A,C
65.79050000000001,B,C
75.9595,F,B
71.934,A,B
72.1265,C,B
62.9435,A,C
70.6675,F,B
66.6215,A,C
83.81,D,A
67.5795,B,C
79.428,D,B
76.25399999999999,C,B
70.8425,A,B
73.57300000000001,D,B
84.142,D,A
61.0445,F,C
73.9825,D,B
68.0065,B,C
60.298500000000004,D,C
82.29599999999999,D,A
77.95100000000001,D,B
62.858,D,C
69.3995,A,C
65.6825,A,C
83.754,F,A
72.039,A,B
70.17399999999999,C,B
68.14450000000001,D,C
66.041,D,C
68.899,F,C
62.49199999999999,F,C
68.4965,D,C
80.70349999999999,F,A
70.80099999999999,D,B
68.997,A,C
75.80850000000001,D,B
73.0475,C,B
70.67649999999999,C,B
71.066,F,B
64.0465,D,C
67.27900000000001,A,C
82.04249999999999,F,A
77.963,A,B
75.457,C,B
70.5845,F,B
72.333,D,B
80.12599999999999,B,A
67.3875,D,C
67.632,D,C
74.3005,A,B
76.13550000000001,D,B
73.523,F,B
54.068,F,D
63.05050000000001,B,C
77.32400000000001,A,B
74.764,F,B
58.361999999999995,B,D
75.3425,D,B
69.1405,D,C
75.1625,F,B
67.712,A,C
78.045,D,B
72.569,D,B
66.9245,D,C
75.66550000000001,C,B
71.6045,D,B
90.90700000000001,B,A
75.501,F,B
66.535,F,C
77.156,C,B
74.5725,D,B
79.0955,A,B
73.5565,F,B
58.02250000000001,B,D
71.709,C,B
75.7285,C,B
75.679,C,B
71.89750000000001,F,B
62.760000000000005,D,C
69.49000000000001,F,C
76.279,D,B
82.6225,D,A
69.27850000000001,A,C
68.8765,D,C
85.2005,D,A
66.394,D,C
69.832,D,C
80.636,C,A
56.6605,B,D
73.148,A,B
71.45349999999999,F,B
79.3735,A,B
68.4,F,C
56.669,B,D
73.19749999999999,C,B
66.7215,F,C
73.4255,D,B
80.697,F,A
78.1265,F,B
77.184,D,B
66.75899999999999,A,C
69.5835,A,C
77.132,F,B
71.4655,A,B
76.729,D,B
70.9875,F,B
82.7465,C,A
67.9145,F,C
58.149,C,D
61.0495,B,C
60.32,F,C
83.937,C,A
73.2675,A,B
77.4935,C,B
75.394,C,B
60.733000000000004,A,C
69.2315,F,C
66.738,A,C
68.6925,D,C
84.0335,D,A
77.052,C,B
82.21950000000001,D,A
82.751,F,A
85.82199999999999,F,A
80.5455,D,A
60.282,A,C
82.93350000000001,B,A
72.6345,A,B
55.922999999999995,B,D
66.3495,A,C
64.6815,D,C
70.0955,F,B
70.8915,A,B
80.46199999999999,D,A
58.908500000000004,F,D
61.303,A,C
77.20599999999999,A,B
71.6015,A,B
74.4375,C,B
67.922,D,C
71.96,C,B
73.0185,A,B
67.97899999999998,B,C
68.13499999999999,D,C
61.41,B,C
86.4955,F,A
66.5145,A,C
87.648,B,A
64.719,A,C
71.984,C,B
72.4865,A,B
75.76599999999999,F,B
74.46100000000001,D,B
76.577,C,B
52.608000000000004,C,D
85.5715,F,A
86.0475,C,A
80.06700000000001,D,A
62.67099999999999,F,C
80.36049999999999,F,A
74.7575,A,B
72.42249999999999,F,B
69.265,D,C
68.88749999999999,F,C
75.2235,A,B
86.583,D,A
78.944,C,B
90.9795,B,A
79.574,A,B
73.1965,D,B
78.52850000000001,C,B
79.438,A,B
71.33550000000001,C,B
67.1385,B,C
78.47,C,B
77.7885,C,B
67.6195,A,C
63.0315,D,C
75.768,F,B
67.61099999999999,A,C
64.5715,F,C
75.07600000000001,F,B
64.866,B,C
64.42599999999999,F,C
68.5655,F,C
73.189,C,B
85.07249999999999,B,A
72.9415,C,B
78.4535,F,B
55.976,A,D
75.7075,F,B
79.721,A,B
69.447,D,C
62.1775,B,C
66.0335,D,C
69.626,F,C
75.23400000000001,D,B
85.496,B,A
77.94800000000001,A,B
70.2385,A,B
59.531499999999994,C,D
82.159,C,A
65.8255,F,C
81.284,D,A
71.4875,F,B
76.6185,A,B
73.068,A,B
63.794,D,C
60.088,F,C
71.3195,C,B
67.5425,D,C
76.15350000000001,C,B
77.7105,D,B
66.18599999999999,B,C
73.53,A,B
82.988,D,A
81.7775,B,A
65.17999999999999,D,C
75.95,A,B
66.7795,A,C
79.856,C,B
72.462,A,B
68.083,A,C
65.896,A,C
73.47,F,B
78.83250000000001,F,B
70.17299999999999,A,B
70.797,F,B
70.7985,D,B
73.776,F,B
55.465999999999994,B,D
64.9945,F,C
72.7145,C,B
71.39599999999999,A,B
64.6455,A,C
75.1815,D,B
67.422,D,C
70.08200000000001,F,B
63.37949999999999,A,C
68.6285,F,C
74.9915,C,B
60.717000000000006,F,C
59.792,F,D
66.83699999999999,F,C
83.6275,B,A
67.75049999999999,D,C
69.6505,A,C
79.55099999999999,D,B
68.56200000000001,B,C
66.769,F,C
70.007,C,B
79.0585,C,B
52.236999999999995,A,D
69.49,B,C
52.478,B,D
65.1925,F,C
75.856,A,B
53.26950000000001,F,D
62.572500000000005,D,C
80.201,B,A
75.4665,C,B
58.87999999999999,F,D
70.2945,C,B
82.15350000000001,C,A
83.232,F,A
76.6835,F,B
73.30199999999999,F,B
66.2385,A,C
63.8145,F,C
81.517,B,A
61.266,A,C
71.3685,D,B
75.07499999999999,A,B
68.8825,B,C
70.2425,A,B
74.493,A,B
79.9835,D,B
88.762,B,A
85.73649999999999,C,A
71.53299999999999,C,B
76.318,F,B
73.9835,F,B
74.33500000000001,C,B
68.85249999999999,D,C
77.29650000000001,D,B
65.08500000000001,B,C
66.8845,B,C
73.1225,D,B
74.4375,C,B
76.656,F,B
79.792,A,B
59.1015,B,D
66.57499999999999,A,C
70.8515,A,B
66.565,F,C
75.1245,F,B
64.3685,B,C
82.614,C,A
84.151,F,A
65.47749999999999,F,C
71.709,C,B
83.11999999999999,F,A
66.162,D,C
70.87049999999999,A,B
71.4715,D,B
69.10399999999998,A,C
74.74749999999999,C,B
69.691,A,C
72.63950000000001,A,B
74.386,A,B
74.3955,A,B
76.29700000000001,F,B
66.625,F,C
73.92399999999999,A,B
67.5885,B,C
74.338,A,B
68.991,F,C
69.3605,A,C
83.21600000000001,F,A
78.1015,A,B
70.4075,F,B
78.02,A,B
58.05600000000001,A,D
72.7575,F,B
70.762,A,B
77.3965,D,B
75.94449999999999,D,B
75.49799999999999,D,B
64.577,A,C
72.93349999999998,F,B
73.819,C,B
84.324,B,A
64.434,D,C
74.88499999999999,C,B
73.14399999999999,C,B
63.06099999999999,B,C
65.275,A,C
72.1695,A,B
65.025,F,C
59.593,B,D
77.866,A,B
60.0685,D,C
73.979,F,B
68.692,D,C
66.5255,D,C
80.5875,F,A
74.175,A,B
78.6395,A,B
61.738,F,C
79.94149999999999,A,B
68.314,B,C
77.509,F,B
64.6125,D,C
69.90799999999999,D,C
80.21300000000001,C,A
75.37849999999999,C,B
80.7655,B,A
81.099,F,A
66.001,B,C
77.03949999999999,A,B
69.966,D,C
64.22899999999998,A,C
84.3055,B,A
64.40299999999999,B,C
70.61,A,B
68.988,A,C
75.7555,F,B
86.21950000000001,F,A
67.7235,B,C
71.5075,A,B
78.432,F,B
68.411,A,C
75.016,D,B
72.50300000000001,C,B
67.0605,A,C
69.2605,D,C
79.93299999999999,F,B
70.71000000000001,F,B
61.2315,B,C
78.902,D,B
65.6655,D,C
81.342,C,A
73.27799999999999,C,B
81.3765,D,A
63.44,A,C
61.4455,A,C
70.67699999999999,A,B
71.627,D,B
69.476,F,C
78.82,A,B
72.20599999999999,F,B
60.3305,A,C
77.42649999999999,D,B
74.33850000000001,A,B
74.27499999999999,F,B
67.87950000000001,F,C
67.474,B,C
61.81999999999999,F,C
69.9725,A,C
75.713,A,B
79.609,F,B
79.3785,A,B
72.3035,A,B
66.4085,D,C
78.27199999999999,C,B
71.5575,C,B
66.77,F,C
73.7035,C,B
72.161,F,B
69.69449999999999,F,C
69.838,B,C
71.185,C,B
67.546,A,C
59.608,F,D
76.675,D,B
69.594,B,C
75.7365,F,B
71.09299999999999,F,B
72.59400000000001,D,B
67.81899999999999,F,C
73.5125,A,B
77.524,A,B
74.3805,A,B
79.943,D,B
74.13,C,B
77.837,A,B
66.0005,B,C
80.7025,C,A
68.108,D,C
71.48400000000001,A,B
71.745,F,B
75.4465,A,B
66.634,D,C
76.41,A,B
65.836,A,C
72.1585,A,B
68.18299999999999,D,C
64.3,A,C
72.7125,F,B
79.953,F,B
76.35799999999999,C,B
72.15,F,B
77.5155,D,B
76.5655,D,B
70.252,F,B
69.70150000000001,D,C
77.774,D,B
65.3785,A,C
75.4405,C,B
76.083,A,B
59.60799999999999,F,D
58.542500000000004,B,D
82.323,F,A
60.155499999999996,B,C
68.5305,B,C
64.2935,A,C
61.660000000000004,F,C
75.8,C,B
70.681,F,B
75.411,F,B
66.363,B,C
69.985,B,C
79.46950000000001,C,B
77.9165,C,B
68.50800000000001,B,C
74.765,F,B
82.791,D,A
60.78450000000001,D,C
83.2495,C,A
75.689,F,B
84.772,D,A
72.43199999999999,A,B
76.7285,A,B
66.50399999999999,A,C
76.9965,C,B
70.4715,D,B
75.60849999999999,A,B
73.33500000000001,F,B
73.27250000000001,C,B
63.25749999999999,D,C
74.021,A,B
83.756,B,A
68.99199999999999,D,C
67.16499999999999,A,C
75.3695,F,B
77.214,D,B
61.211,D,C
85.19800000000001,C,A
65.777,B,C
71.1245,A,B
78.62,D,B
76.899,A,B
73.915,F,B
60.113,B,C
54.540499999999994,F,D
79.949,D,B
66.87599999999999,B,C
82.61449999999999,C,A
77.4895,F,B
76.72,D,B
79.0945,C,B
66.833,A,C
62.295,A,C
59.7355,B,D
72.194,D,B
74.15100000000001,C,B
72.046,F,B
80.063,B,A
83.5685,C,A
67.059,A,C
75.4615,F,B
63.732000000000006,A,C
65.565,B,C
57.5125,F,D
69.2175,F,C
61.375,B,C
68.786,F,C
63.9315,D,C
89.759,D,A
67.6165,F,C
62.547999999999995,A,C
68.3965,D,C
76.36600000000001,F,B
74.3115,F,B
74.5945,A,B
64.833,F,C
66.75800000000001,A,C
75.17999999999999,C,B
63.32900000000001,D,C
76.396,D,B
80.276,B,A
76.959,C,B
82.803,C,A
58.396,A,D
90.48649999999999,C,A
79.08950000000002,D,B
81.2015,B,A
66.23249999999999,B,C
70.8415,D,B
73.6755,C,B
70.6965,F,B
57.349,B,D
73.896,A,B
64.9915,D,C
73.3835,D,B
64.73649999999999,A,C
73.984,C,B
71.978,D,B
69.96,D,C
69.823,F,C
68.97250000000001,B,C
68.874,F,C
61.0255,B,C
74.95,A,B
70.319,A,B
69.8475,F,C
67.64150000000001,A,C
73.3295,C,B
68.664,F,C
74.654,D,B
80.48049999999999,D,A
73.2385,A,B
72.43,F,B
78.9195,F,B
60.2115,D,C
70.937,D,B
74.262,C,B
65.9085,B,C
74.288,C,B
81.9485,B,A
84.18299999999999,B,A
81.83099999999999,B,A
70.864,A,B
68.4275,A,C
67.88900000000001,B,C
71.735,C,B
84.819,C,A
66.90699999999998,A,C
66.976,B,C
65.6835,D,C
58.363,F,D
67.51149999999998,B,C
71.09649999999999,A,B
77.97999999999999,F,B
60.5835,B,C
67.76050000000001,D,C
82.2175,B,A
79.327,C,B
89.9665,B,A
75.53549999999998,F,B
78.248,F,B
85.173,B,A
68.946,F,C
75.1395,F,B
71.139,D,B
77.4325,F,B
62.64849999999999,D,C
75.32799999999999,D,B
61.654999999999994,F,C
82.054,C,A
77.8185,A,B
72.805,A,B
78.7605,F,B
55.072,B,D
59.40549999999999,B,D
79.9085,A,B
70.87650000000001,C,B
69.03049999999999,F,C
73.36099999999999,F,B
76.1755,F,B
68.4495,B,C
69.82849999999999,D,C
62.7905,A,C
73.2975,C,B
74.265,C,B
74.2105,A,B
79.94449999999999,F,B
71.25099999999999,F,B
77.2755,D,B
69.5055,B,C
73.104,D,B
70.383,C,B
77.99350000000001,F,B
73.176,F,B
79.16999999999999,D,B
69.3895,B,C
71.927,D,B
74.435,C,B
68.125,B,C
72.67850000000001,D,B
67.256,A,C
88.3805,D,A
76.4245,C,B
68.4045,D,C
70.787,C,B
53.6245,C,D
81.826,C,A
72.36800000000001,C,B
75.5575,D,B
72.9455,A,B
87.5125,C,A
80.8065,C,A
71.5065,F,B
67.9965,D,C
75.17999999999999,D,B
61.28549999999999,D,C
79.809,A,B
63.409499999999994,B,C
64.791,F,C
79.27850000000001,A,B
70.663,D,B
74.7385,F,B
53.89200000000001,A,D
69.4115,F,C
77.586,A,B
65.50649999999999,D,C
54.537499999999994,A,D
68.5505,B,C
54.745999999999995,C,D
70.22,C,B
66.995,B,C
74.0055,F,B
67.6405,A,C
67.50599999999999,F,C
66.302,D,C
83.9715,C,A
65.42999999999999,A,C
85.20700000000001,C,A
75.65400000000001,C,B
83.4995,B,A
78.264,D,B
67.62650000000001,D,C
59.625499999999995,A,D
61.465999999999994,F,C
66.33600000000001,D,C
56.4765,C,D
79.11999999999999,D,B
58.47,C,D
61.06999999999999,D,C
61.06949999999999,D,C
68.10099999999998,B,C
68.02199999999999,F,C
84.789,D,A
65.5425,A,C
77.178,C,B
74.412,F,B
70.1015,F,B
66.187,F,C
86.7465,D,A
60.7705,B,C
75.14850000000001,C,B
74.7575,A,B
79.965,A,B
70.8235,C,B
71.6405,A,B
76.0775,F,B
63.4525,D,C
70.5445,A,B
70.52100000000002,D,B
77.60199999999999,A,B
61.97649999999999,D,C
74.2595,C,B
77.3445,A,B
65.315,A,C
72.5075,A,B
77.287,D,B
72.0785,C,B
75.13550000000001,C,B
76.8305,C,B
86.396,F,A
77.0795,D,B
66.1325,F,C
66.7765,F,C
76.69749999999999,D,B
80.637,F,A
69.3685,F,C
77.1005,A,B
66.224,D,C
61.1195,A,C
82.9855,B,A
74.60249999999999,A,B
79.59,D,B
72.123,C,B
65.4555,A,C
82.2785,F,A
74.39699999999999,F,B
80.3985,C,A
84.76050000000001,C,A
77.0895,C,B
68.51849999999999,F,C
73.3115,D,B
69.977,F,C
86.0305,C,A
80.817,D,A
77.32149999999999,F,B
69.38,F,C
88.591,F,A
76.001,F,B
88.008,F,A
83.68449999999999,B,A
67.0055,F,C
68.717,B,C
64.90599999999999,D,C
63.945499999999996,D,C
56.13549999999999,B,D
68.838,D,C
75.3145,F,B
73.1,C,B
71.0945,F,B
77.51799999999999,A,B
79.97550000000001,F,B
72.4385,C,B
80.582,F,A
77.1755,A,B
58.303,A,D
86.0125,F,A
79.119,C,B
78.5265,F,B
88.64450000000001,C,A
74.14649999999999,D,B
87.23,F,A
67.179,F,C
76.4595,D,B
69.1395,A,C
78.56500000000001,F,B
71.99499999999999,A,B
63.935,A,C
70.563,A,B
71.85,C,B
61.352000000000004,A,C
62.6355,B,C
75.811,F,B
78.3315,F,B
73.65199999999999,A,B
82.0915,C,A
72.43299999999999,D,B
61.63799999999999,D,C
69.78450000000001,B,C
80.17349999999999,F,A
66.3875,A,C
72.1705,A,B
80.09,F,A
66.7885,B,C
69.333,B,C
62.253,B,C
80.743,F,A
71.76200000000001,D,B
76.682,D,B
65.4005,D,C
73.7225,A,B
70.81899999999999,A,B
73.8985,F,B
63.714000000000006,B,C
63.06099999999999,A,C
73.58500000000001,C,B
74.31300000000002,F,B
72.1865,C,B
60.936499999999995,A,C
68.1635,A,C
81.3065,C,A
57.187000000000005,C,D
83.291,B,A
74.9375,D,B
79.61999999999999,C,B
58.858000000000004,B,D
77.1075,C,B
81.03899999999999,D,A
81.29899999999999,B,A
67.8115,A,C
65.98349999999999,B,C
66.655,B,C
61.082,D,C
75.029,D,B
75.133,F,B
74.524,A,B
74.7895,D,B
64.6225,B,C
84.9065,B,A
77.4245,C,B
68.9075,D,C
76.749,C,B
63.066,A,C
81.6195,C,A
73.285,F,B
83.11000000000001,F,A
53.876000000000005,B,D
87.07249999999999,D,A
82.0885,F,A
67.9545,A,C
63.671499999999995,F,C
78.1335,C,B
72.996,F,B
73.39699999999999,F,B
70.0635,D,B
72.573,C,B
80.314,C,A
70.6825,C,B
72.519,D,B
79.16799999999999,C,B
64.4035,A,C
64.499,D,C
84.9075,C,A
67.845,B,C
83.65899999999999,F,A
68.629,F,C
68.37349999999999,A,C
73.8595,A,B
78.166,F,B
80.728,F,A
60.9955,B,C
68.0785,D,C
74.7495,F,B
73.44200000000001,C,B
70.982,D,B
72.52499999999999,C,B
81.121,C,A
62.714,B,C
82.137,F,A
72.10900000000001,F,B
71.16900000000001,D,B
87.20649999999999,B,A
72.16300000000001,F,B
60.37949999999999,A,C
77.074,A,B
70.65299999999999,A,B
77.3165,C,B
70.932,A,B
63.831,F,C
77.033,C,B
80.19399999999999,C,A
74.767,D,B
67.1245,A,C
76.218,A,B
68.0745,D,C
67.6865,B,C
71.52950000000001,A,B
67.2855,D,C
74.247,D,B
70.923,D,B
73.29899999999999,A,B
81.1805,B,A
70.661,C,B
65.3765,B,C
71.9135,D,B
69.5795,D,C
72.51400000000001,A,B
71.25899999999999,A,B
64.28500000000001,A,C
75.0055,F,B
76.0755,F,B
72.11,C,B
77.6695,C,B
70.805,C,B
65.575,B,C
59.437,C,D
80.8775,B,A
73.21249999999999,A,B
63.460499999999996,D,C
64.114,F,C
76.092,D,B
67.2045,F,C
74.54849999999999,A,B
68.56550000000001,F,C
64.958,A,C
70.34700000000001,D,B
86.699,F,A
82.3215,B,A
79.691,A,B
61.492999999999995,D,C
74.2325,C,B
76.47099999999999,D,B
73.7135,D,B
74.0125,C,B
70.0115,F,B
71.1125,C,B
73.292,A,B
65.024,A,C
68.071,F,C
78.748,D,B
87.98,D,A
70.45349999999999,A,B
68.107,D,C
80.0575,B,A
65.3505,B,C
78.351,D,B
68.8925,F,C
83.977,C,A
68.2845,D,C
71.14750000000001,C,B
67.0205,B,C
63.0085,F,C
72.028,F,B
78.7325,A,B
64.743,F,C
76.595,F,B
68.093,B,C
80.2055,D,A
87.33699999999999,D,A
58.973000000000006,C,D
70.116,A,B
75.96799999999999,F,B
78.9145,C,B
72.872,F,B
73.35799999999999,F,B
69.833,A,C
64.377,A,C
71.45599999999999,C,B
74.50999999999999,D,B
84.184,F,A
81.2775,B,A
76.031,C,B
65.808,F,C
67.6795,A,C
63.628499999999995,A,C
79.248,A,B
75.497,A,B
67.814,D,C
74.7495,D,B
69.0415,F,C
70.4685,F,B
58.089999999999996,C,D
73.5845,A,B
70.629,A,B
76.0955,A,B
65.6545,B,C
63.5735,D,C
68.103,D,C
72.3685,F,B
72.649,D,B
73.60549999999999,A,B
74.012,A,B
81.637,F,A
75.318,F,B
80.26899999999999,B,A
81.4555,D,A
82.8515,F,A
70.0635,C,B
66.4585,B,C
76.853,C,B
69.47149999999999,B,C
70.14049999999999,D,B
67.9845,B,C
75.107,A,B
69.724,D,C
75.594,C,B
70.458,A,B
88.1245,C,A
81.52600000000001,B,A
59.795500000000004,B,D
70.6425,D,B
62.039,B,C
75.0325,D,B
67.5195,B,C
76.657,A,B
82.9315,F,A
56.809,A,D
66.46249999999999,A,C
68.95849999999999,D,C
65.253,B,C
57.464999999999996,F,D
68.50649999999999,B,C
75.461,F,B
72.232,F,B
76.02850000000001,F,B
63.456,F,C
75.9025,C,B
63.807,D,C
59.937,B,D
77.904,C,B
70.701,D,B
70.993,A,B
71.5745,C,B
72.035,A,B
61.94199999999999,F,C
66.108,A,C
65.524,B,C
58.1015,A,D
76.76299999999999,C,B
73.8565,A,B
62.42699999999999,B,C
69.625,F,C
69.67999999999999,F,C
77.92150000000001,D,B
71.25150000000001,D,B
59.663999999999994,F,D
67.02799999999999,F,C
61.995000000000005,D,C
72.33149999999999,A,B
73.81899999999999,F,B
79.595,D,B
69.5385,D,C
57.605,F,D
62.7225,D,C
65.679,A,C
71.954,C,B
68.993,D,C
80.2985,C,A
75.01650000000001,D,B
70.3675,D,B
67.494,B,C
64.8875,D,C
70.36,F,B
79.551,C,B
69.4635,A,C
68.8455,D,C
77.346,D,B
65.6545,F,C
69.99799999999999,B,C
77.02250000000001,D,B
61.5565,B,C
65.90950000000001,A,C
82.943,F,A
74.6935,A,B
82.50050000000002,C,A
73.91400000000002,A,B
61.381,F,C
74.7085,F,B
78.4555,D,B
64.0275,A,C
71.797,C,B
87.00200000000001,C,A
82.32900000000001,C,A
68.56899999999999,F,C
83.83699999999999,F,A
71.5215,D,B
79.711,A,B
74.3575,F,B
72.5265,C,B
66.14999999999999,F,C
68.4015,F,C
68.823,A,C
61.30649999999999,D,C
63.950500000000005,F,C
58.43899999999999,A,D
78.12899999999999,A,B
64.7205,B,C
70.53699999999999,F,B
81.75399999999999,F,A
72.244,C,B
74.805,C,B
72.19999999999999,A,B
64.42,A,C
60.445499999999996,A,C
66.085,A,C
65.186,A,C
62.609,A,C
70.6375,A,B
56.559,A,D
86.941,B,A
69.4345,F,C
69.6695,D,C
74.6035,D,B
80.267,C,A
65.676,F,C
75.949,A,B
78.55600000000001,D,B
65.735,F,C
67.1635,D,C
78.386,C,B
78.8275,A,B
72.906,C,B
75.50200000000001,C,B
70.5495,A,B
89.8995,D,A
83.9355,C,A
71.816,A,B
62.0025,D,C
74.90599999999999,A,B
69.269,D,C
66.95150000000001,B,C
78.47500000000001,C,B
72.411,C,B
70.129,D,B
78.7525,F,B
74.408,D,B
76.99799999999999,D,B
63.17100000000001,F,C
71.83749999999999,D,B
77.3995,F,B
67.9565,F,C
68.4325,B,C
77.1455,F,B
85.461,F,A
82.1005,B,A
69.616,A,C
75.8445,A,B
76.7515,C,B
73.103,D,B
81.10799999999999,F,A
66.4075,D,C
71.8365,F,B
80.362,C,A
74.4285,D,B
72.54650000000001,D,B
77.3355,F,B
60.446000000000005,A,C
71.485,F,B
75.616,F,B
71.837,C,B
85.09299999999999,D,A
67.9325,B,C
59.143,B,D
72.0865,D,B
74.897,A,B
69.8585,D,C
74.43350000000001,A,B
59.306,A,D
62.563,F,C
59.010999999999996,F,D
71.95200000000001,C,B
67.29799999999999,A,C
72.24549999999999,F,B
68.775,B,C
85.4985,D,A
81.4395,D,A
67.5445,D,C
71.33200000000001,C,B
85.02000000000001,C,A
71.98599999999999,C,B
74.99849999999999,A,B
82.771,B,A
71.56,A,B
82.85199999999999,B,A
81.875,C,A
66.37449999999998,A,C
61.5505,D,C
78.836,A,B
63.580999999999996,D,C
63.507999999999996,F,C
75.636,C,B
80.4785,B,A
83.84,B,A
61.949,F,C
62.346000000000004,A,C
65.8505,B,C
63.75399999999999,B,C
80.489,B,A
88.0765,B,A
81.84700000000001,F,A
81.71249999999999,C,A
70.063,F,B
62.4525,D,C
69.948,A,C
74.802,F,B
76.325,A,B
57.86149999999999,C,D
66.045,D,C
81.7585,B,A
79.456,F,B
78.148,D,B
74.857,F,B
63.915000000000006,D,C
61.18599999999999,A,C
67.6815,F,C
76.88850000000001,F,B
58.217,C,D
72.576,A,B
79.139,A,B
79.123,F,B
58.5445,B,D
71.3505,F,B
77.15899999999999,F,B
75.8735,C,B
71.2585,F,B
73.36949999999999,A,B
70.4225,C,B
76.89,F,B
66.45700000000001,B,C
68.023,B,C
79.536,D,B
79.81099999999999,D,B
71.2925,D,B
81.1565,C,A
60.3295,B,C
66.113,B,C
70.3875,F,B
73.8415,F,B
65.40899999999999,D,C
56.88,A,D
72.743,F,B
67.69749999999999,D,C
73.129,A,B
74.908,A,B
80.0695,D,A
68.0415,D,C
72.3955,A,B
66.196,A,C
64.008,B,C
59.548500000000004,F,D
71.1885,F,B
74.799,A,B
74.55950000000001,A,B
76.2825,C,B
70.2605,A,B
73.88650000000001,F,B
63.71249999999999,B,C
73.8635,C,B
68.423,F,C
85.81049999999999,C,A
72.8715,C,B
59.571999999999996,C,D
74.3935,C,B
70.6925,C,B
60.6275,D,C
68.5075,B,C
73.5485,F,B
77.39600000000002,A,B
66.309,F,C
74.642,D,B
78.277,D,B
74.47999999999999,F,B
80.85249999999999,D,A
68.28699999999999,F,C
77.37599999999999,C,B
73.9075,D,B
72.34,A,B
64.434,B,C
67.764,B,C
80.88,C,A
70.988,D,B
87.29799999999999,D,A
80.44,F,A
66.208,A,C
69.72399999999999,A,C
72.8155,F,B
69.29249999999999,F,C
78.5795,F,B
75.9565,D,B
66.345,D,C
64.185,A,C
72.582,C,B
74.3865,F,B
64.148,F,C
72.227,F,B
73.24900000000001,C,B
68.2885,F,C
67.228,B,C
76.703,F,B
67.559,D,C
72.071,D,B
65.86099999999999,B,C
82.7955,D,A
76.71000000000001,A,B
77.569,A,B
77.5635,D,B
77.17599999999999,C,B
79.94550000000001,A,B
72.44399999999999,F,B
60.4725,F,C
66.6675,D,C
73.678,D,B
63.961,F,C
76.7,D,B
69.23,D,C
77.976,D,B
55.436499999999995,C,D
62.9695,A,C
69.56899999999999,F,C
72.7065,F,B
62.328,D,C
75.0505,C,B
61.760999999999996,D,C
70.1545,A,B
75.125,F,B
74.64349999999999,D,B
83.9965,C,A
76.7755,D,B
83.5045,C,A
78.04599999999999,C,B
79.5265,C,B
62.3725,B,C
74.132,F,B
67.41149999999999,A,C
65.589,B,C
63.67399999999999,A,C
76.258,C,B
77.7495,F,B
65.7035,B,C
56.177,F,D
78.588,D,B
69.2955,A,C
70.1585,D,B
75.374,C,B
69.49249999999999,B,C
76.504,A,B
71.59900000000002,A,B
80.8675,C,A
80.5645,B,A
70.566,F,B
76.37849999999999,C,B
64.73649999999999,F,C
87.013,C,A
68.2895,F,C
61.4375,B,C
76.495,A,B
81.195,B,A
82.8395,C,A
77.0375,A,B
72.4635,F,B
71.67099999999999,A,B
78.2115,A,B
61.709,B,C
70.5195,C,B
79.4805,D,B
64.95649999999999,B,C
68.96050000000001,D,C
76.9605,C,B
59.226499999999994,A,D
63.664,D,C
76.1185,D,B
63.07899999999999,B,C
53.4135,C,D
70.2115,D,B
71.238,F,B
70.089,C,B
67.3115,F,C
66.307,F,C
85.213,F,A
67.07900000000001,F,C
74.321,A,B
70.47550000000001,F,B
60.7585,F,C
73.7585,C,B
76.58250000000001,A,B
79.89999999999999,F,B
64.739,A,C
72.591,C,B
66.638,B,C
66.9685,D,C
69.34200000000001,D,C
74.3745,A,B
89.598,C,A
73.994,D,B
72.9745,F,B
68.12899999999999,B,C
71.7485,C,B
66.00200000000001,A,C
57.347500000000004,C,D
68.5555,A,C
71.958,F,B
77.12299999999999,C,B
66.84899999999999,A,C
66.4755,F,C
73.073,D,B
80.33399999999999,C,A
69.41,F,C
81.74499999999999,D,A
77.18949999999998,C,B
76.79249999999999,C,B
57.861,B,D
81.0375,C,A
58.5125,F,D
90.38449999999999,B,A
77.715,C,B
59.257999999999996,F,D
64.8455,F,C
74.346,A,B
78.424,D,B
74.04050000000001,C,B
81.62049999999999,D,A
71.71900000000001,A,B
70.6575,F,B
65.8005,A,C
67.6785,D,C
53.9015,F,D
73.446,C,B
80.553,B,A
71.6445,F,B
69.28500000000001,D,C
70.009,A,B
61.6645,F,C
67.41799999999999,D,C
66.547,B,C
63.855000000000004,B,C
59.736999999999995,C,D
72.855,D,B
59.861999999999995,A,D
76.276,C,B
63.03,A,C
69.11399999999999,B,C
81.38300000000001,B,A
62.486999999999995,D,C
85.2715,C,A
71.88799999999999,C,B
63.081999999999994,F,C
68.4225,D,C
70.74849999999999,C,B
68.6545,B,C
70.022,D,B
62.429,F,C
74.82799999999999,F,B
68.285,B,C
59.871,C,D
84.8275,B,A
67.8115,F,C
67.453,D,C
77.2955,C,B
78.27099999999999,C,B
63.599,D,C
79.90950000000001,F,B
69.741,B,C
59.44,F,D
59.0385,C,D
75.779,A,B
75.3355,F,B
65.11449999999999,A,C
69.05,A,C
53.010999999999996,A,D
69.44,D,C
79.60849999999999,C,B
57.081500000000005,C,D
81.116,C,A
69.127,D,C
75.012,F,B
72.99799999999999,D,B
67.9785,A,C
82.969,F,A
62.3335,B,C
69.3775,A,C
62.512,D,C
81.9415,C,A
82.70649999999999,C,A
78.5185,C,B
59.9925,F,D
72.9245,A,B
72.273,C,B
73.4015,F,B
74.12899999999999,A,B
69.905,F,C
83.5645,F,A
70.5435,A,B
65.75649999999999,D,C
71.1345,D,B
63.8445,B,C
70.21199999999999,D,B
68.31649999999999,D,C
78.0405,A,B
75.854,A,B
60.278999999999996,A,C
60.794,D,C
62.7445,F,C
76.4075,F,B
74.343,A,B
67.105,F,C
59.4625,F,D
60.06,F,C
70.486,C,B
82.317,B,A
74.29400000000001,D,B
66.6545,D,C
77.45,A,B
61.637,B,C
85.942,B,A
56.835,F,D
63.382,B,C
65.05199999999999,A,C
76.278,D,B
89.747,B,A
68.039,D,C
80.614,F,A
65.899,F,C
60.114000000000004,A,C
55.588,B,D
85.451,B,A
58.823499999999996,B,D
72.592,A,B
71.9275,A,B
64.49849999999999,A,C
64.4265,F,C
82.5515,B,A
57.181999999999995,C,D
80.32749999999999,D,A
68.344,A,C
62.602000000000004,A,C
75.6245,F,B
63.16649999999999,F,C
82.7025,D,A
66.99549999999999,F,C
65.843,A,C
71.263,F,B
63.754999999999995,D,C
73.44349999999999,A,B
72.0985,D,B
62.8495,F,C
75.699,C,B
76.077,A,B
65.2435,D,C
70.14949999999999,F,B
62.480999999999995,D,C
65.7225,F,C
71.8315,D,B
79.44399999999999,C,B
73.88250000000001,A,B
68.96300000000001,F,C
67.2125,B,C
64.65799999999999,D,C
65.2945,D,C
63.5265,D,C
68.6175,B,C
62.245,F,C
74.8205,C,B
79.431,D,B
77.69200000000001,A,B
79.58399999999999,F,B
58.571000000000005,C,D
74.3515,C,B
76.1475,D,B
70.64150000000001,A,B
63.562,D,C
64.5515,F,C
61.94749999999999,B,C
66.28450000000001,F,C
70.254,A,B
80.97800000000001,B,A
64.465,D,C
82.33600000000001,F,A
70.70100000000001,D,B
72.076,F,B
62.3415,D,C
56.5955,B,D
78.3655,D,B
68.21050000000001,A,C
69.9255,D,C
69.4455,A,C
82.217,F,A
89.4435,D,A
70.4685,D,B
62.916,A,C
80.2565,C,A
69.2995,F,C
68.056,A,C
62.8305,B,C
67.80749999999999,A,C
59.403999999999996,F,D
71.8065,C,B
75.8,C,B
76.20100000000001,A,B
75.60900000000001,F,B
71.4625,F,B
67.525,F,C
64.9365,B,C
72.87700000000001,A,B
72.91449999999999,F,B
67.8655,F,C
61.027,F,C
60.196999999999996,F,C
63.822,B,C
70.4125,A,B
70.436,F,B
74.29750000000001,D,B
73.154,C,B
76.127,C,B
67.287,F,C
75.01849999999999,F,B
60.658500000000004,D,C
68.7245,B,C
57.42600000000001,F,D
65.434,F,C
61.4315,A,C
67.213,F,C
62.54499999999999,A,C
74.0915,C,B
76.97200000000001,D,B
71.3495,A,B
65.62,B,C
81.30749999999999,C,A
76.538,A,B
65.583,A,C
77.01650000000001,C,B
82.8565,F,A
61.8815,B,C
70.97949999999999,D,B
64.32050000000001,B,C
59.680499999999995,C,D
81.3145,F,A
66.8445,B,C
76.444,A,B
64.4325,F,C
59.3895,A,D
65.60000000000001,A,C
65.658,B,C
70.27499999999999,D,B
74.994,F,B
66.991,A,C
83.34700000000001,D,A
73.41749999999999,D,B
81.071,D,A
85.435,F,A
73.66550000000001,A,B
68.001,D,C
65.838,A,C
77.50550000000001,D,B
65.9085,F,C
73.3185,F,B
59.6245,C,D
63.406000000000006,F,C
64.82050000000001,D,C
82.90799999999999,C,A
62.8715,A,C
83.9495,B,A
76.568,C,B
63.157,F,C
67.1765,A,C
83.8515,F,A
74.66149999999999,C,B
78.179,D,B
91.841,F,A
71.048,F,B
72.999,F,B
79.1295,F,B
88.89,B,A
74.3745,C,B
80.15199999999999,F,A
77.55449999999999,C,B
76.858,A,B
74.47999999999999,F,B
79.8015,D,B
68.6135,A,C
74.7815,D,B
70.81700000000001,A,B
60.7795,A,C
81.434,B,A
69.58749999999999,D,C
79.7945,F,B
59.732,C,D
75.742,D,B
67.152,A,C
62.107,D,C
75.6115,C,B
62.412499999999994,D,C
73.6635,C,B
68.0375,B,C
66.79799999999999,A,C
62.525999999999996,F,C
66.92,D,C
77.78349999999999,D,B
64.5055,B,C
76.551,C,B
76.5635,C,B
62.6795,D,C
76.7595,F,B
66.4495,A,C
73.19,F,B
64.1985,D,C
71.124,A,B
67.94,D,C
71.16199999999999,A,B
64.6225,D,C
66.265,B,C
79.46849999999999,D,B
68.38650000000001,A,C
71.8275,F,B
66.93599999999999,A,C
72.56750000000001,A,B
61.018,F,C
78.58149999999999,D,B
68.8435,B,C
76.188,D,B
54.98349999999999,B,D
72.7865,C,B
72.8675,A,B
83.69399999999999,D,A
76.74499999999999,F,B
65.241,F,C
69.969,D,C
66.625,D,C
65.519,B,C
77.507,A,B
77.25800000000001,F,B
72.33600000000001,A,B
60.339,A,C
66.6695,B,C
76.3465,F,B
66.9745,A,C
69.7645,F,C
81.7465,C,A
80.4035,F,A
73.5575,A,B
77.493,F,B
67.379,F,C
56.957,F,D
78.8,A,B
73.8925,F,B
72.87049999999999,A,B
72.55,D,B
69.9205,F,C
70.6055,F,B
68.47749999999999,B,C
65.4085,A,C
80.67399999999999,C,A
57.188,C,D
69.306,F,C
66.166,B,C
68.02850000000001,F,C
83.26599999999999,F,A
74.3425,A,B
74.975,D,B
67.134,A,C
76.731,A,B
77.52349999999998,F,B
76.02149999999999,F,B
66.72300000000001,F,C
70.825,F,B
57.3985,B,D
66.871,B,C
70.154,F,B
63.8275,B,C
84.2575,C,A
64.2415,D,C
68.815,A,C
72.9665,C,B
67.4065,B,C
73.8485,D,B
77.455,C,B
64.2825,B,C
76.12750000000001,F,B
69.91049999999998,F,C
75.968,C,B
65.303,D,C
79.773,A,B
73.0025,C,B
72.247,A,B
63.540499999999994,B,C
85.2415,F,A
68.7065,B,C
64.1335,D,C
55.265,A,D
66.4255,B,C
76.682,C,B
70.4115,D,B
75.17949999999999,D,B
74.546,A,B
82.3,C,A
60.8835,A,C
72.737,A,B
71.339,C,B
58.806,B,D
63.056,F,C
63.795,D,C
56.924,F,D
64.409,F,C
82.589,C,A
84.0065,F,A
80.3755,D,A
58.86449999999999,A,D
64.83250000000001,D,C
69.69749999999999,F,C
72.10050000000001,A,B
82.296,F,A
66.224,D,C
65.256,F,C
67.02499999999999,B,C
75.0285,A,B
78.15,C,B
71.51350000000001,A,B
77.33500000000001,F,B
61.8995,F,C
75.28699999999999,C,B
76.85499999999999,A,B
83.404,F,A
70.15800000000002,A,B
67.898,D,C
78.85499999999999,F,B
67.873,A,C
72.435,F,B
66.27600000000001,F,C
77.428,A,B
84.328,F,A
75.14349999999999,F,B
70.57849999999999,A,B
77.08800000000001,A,B
73.8435,C,B
87.93900000000001,D,A
75.559,F,B
69.7915,B,C
62.928,F,C
79.3065,F,B
64.907,B,C
73.59450000000001,A,B
85.7635,C,A
54.269499999999994,C,D
73.10900000000001,C,B
65.962,F,C
69.475,B,C
89.07499999999999,C,A
77.258,D,B
74.072,D,B
60.632999999999996,B,C
76.60849999999999,A,B
62.0065,F,C
85.7525,F,A
80.2875,B,A
66.333,A,C
65.702,B,C
69.968,B,C
73.0185,C,B
79.654,A,B
68.987,A,C
74.7115,A,B
82.35799999999999,F,A
67.9705,A,C
79.354,D,B
70.134,C,B
71.4065,A,B
80.4445,C,A
76.0135,A,B
70.2185,C,B
71.965,A,B
82.327,D,A
79.339,F,B
72.4085,F,B
62.872,F,C
66.2935,F,C
73.7415,A,B
75.71499999999999,F,B
71.256,A,B
78.7555,D,B
66.97049999999999,D,C
80.45,C,A
92.65199999999999,D,A
73.2165,D,B
77.423,C,B
62.45399999999999,A,C
78.3315,D,B
71.5645,D,B
58.194,A,D
90.167,F,A
83.4425,B,A
72.32499999999999,F,B
79.44550000000001,D,B
72.03750000000001,D,B
74.73400000000001,C,B
70.3555,A,B
73.607,A,B
78.74699999999999,D,B
67.6875,B,C
61.6775,A,C
53.547,A,D
59.024,C,D
74.756,D,B
68.6585,A,C
78.7485,D,B
